Id,ict-index,influence,creativity,threat,value_form,web_name,now_cost,position,team,minutes,bps,points-per-game,points-last-game,playing-chance,big_chances_created,attempted_passes,completed_passes,was_home,clean_sheets,assists,open_play_crosses,dribbles
2,17.9,179.8,0.0,0.0,0.8,Cech,55,GK,ARS,720,162,4.4,1,,0,27,12,False,0,0,0,0
4,18.0,137.2,20.9,21.0,0.5,Koscielny,60,DF,ARS,444,123,4.2,2,50,0,66,58,False,0,0,0,0
5,9.4,76.4,0.5,17.0,0.6,Mertesacker,49,DF,ARS,90,32,9.0,9,100,0,39,31,False,0,0,0,0
7,33.8,79.8,139.0,119.0,1.1,Bellern,59,DF,ARS,720,156,4.3,1,,0,62,51,False,0,0,0,0
8,16.5,78.6,53.8,33.0,0.3,Gibbs,50,DF,WBA,387,62,2.2,2,100,0,29,21,False,0,0,1,1
10,33.4,220.8,66.4,46.0,1.4,Monreal,55,DF,ARS,720,209,5.3,1,,0,56,48,False,0,0,0,0
11,10.4,56.6,29.6,18.0,0.5,Holding,47,DF,ARS,251,65,1.8,1,,0,3,1,False,0,0,0,0
12,24.6,138.2,38.4,69.0,0.7,Mustafi,54,DF,ARS,450,128,5.2,0,0,0,0,0,False,0,0,0,0
13,33.2,133.4,107.6,90.0,0.7,Kolasinac,60,DF,ARS,605,171,5.1,1,75,0,39,29,False,0,0,0,0
14,34.9,64.0,154.8,129.0,0.3,Snchez,119,MD,ARS,272,58,3.0,0,100,0,0,0,False,0,0,0,0
16,39.6,63.0,250.3,83.0,0.1,zil,93,MD,ARS,396,66,1.7,1,100,1,10,8,False,0,0,0,0
18,41.8,123.0,95.3,199.0,0.4,Ramsey,71,MD,ARS,494,102,3.9,0,100,0,0,0,False,0,0,0,0
19,30.8,93.8,135.1,81.0,0.2,Chamberlain,57,MD,LIV,326,82,1.4,1,,0,5,4,True,0,0,1,1
21,26.8,74.4,111.4,82.0,0.7,Iwobi,51,MD,ARS,250,67,3.8,2,100,1,57,50,False,0,0,1,1
22,14.8,51.0,74.1,24.0,0.4,Elneny,45,MD,ARS,263,54,2.2,2,,0,66,61,False,0,0,0,0
23,50.5,160.6,237.1,107.0,0.7,Xhaka,55,MD,ARS,700,132,3.8,5,,0,71,54,False,0,1,0,0
25,21.2,50.6,79.2,82.0,0.1,Giroud,83,ST,ARS,155,48,1.5,1,100,0,11,6,False,0,0,0,0
26,46.0,153.0,111.6,195.0,0.1,Welbeck,74,ST,ARS,460,118,4.8,2,100,0,20,18,False,1,0,0,0
28,55.9,173.0,121.3,266.0,0.5,Lacazette,104,ST,ARS,554,144,4.3,2,,0,25,15,False,1,0,0,1
29,20.8,198.6,10.0,0.0,0.7,Begovic,45,GK,BOU,720,140,2.8,2,,0,26,6,False,0,0,0,0
32,15.7,123.4,12.5,22.0,0.7,Francis,44,DF,BOU,484,86,2.2,2,100,0,27,18,False,0,0,0,0
33,17.4,103.2,23.3,47.0,0.1,Steve Cook,49,DF,BOU,461,52,0.8,1,100,0,14,9,False,0,0,0,0
34,32.5,161.8,118.3,45.0,1.0,Daniels,49,DF,BOU,720,143,3.4,2,,0,27,22,False,0,0,0,0
35,18.7,95.4,81.4,10.0,0.6,Adam Smith,48,DF,BOU,624,100,1.6,1,100,0,18,14,False,0,0,1,0
36,2.5,22.6,0.3,2.0,0.0,Mings,44,DF,BOU,135,17,0.0,0,0,0,0,0,False,0,0,0,0
38,22.6,175.2,19.3,31.0,0.8,Ak,49,DF,BOU,712,134,2.4,2,100,0,27,19,False,0,0,0,0
39,13.8,62.8,39.6,34.0,0.0,Arter,49,MD,BOU,450,63,1.6,0,100,0,0,0,False,0,0,0,0
40,17.2,22.8,74.0,79.0,0.1,Pugh,48,MD,BOU,233,18,1.5,0,,0,0,0,False,0,0,0,0
41,26.4,146.2,70.8,47.0,0.5,Surman,46,MD,BOU,630,103,3.3,2,,0,26,21,False,0,0,0,0
42,14.1,36.4,37.3,68.0,0.3,Stanislas,59,MD,BOU,251,26,2.0,2,100,0,17,11,False,0,0,0,0
43,9.2,41.6,22.0,28.0,0.3,Gosling,49,MD,BOU,361,40,1.8,2,100,0,23,16,False,0,0,0,0
45,25.0,72.8,126.5,52.0,0.3,Ibe,49,MD,BOU,307,56,2.0,1,,0,7,5,False,0,0,0,0
46,10.2,32.6,42.8,27.0,0.4,Lewis Cook,44,MD,BOU,172,35,2.5,2,,0,23,18,False,0,0,1,1
47,14.3,18.6,55.6,69.0,0.1,Fraser,53,MD,BOU,270,32,1.6,0,75,0,0,0,False,0,0,0,0
49,10.1,13.8,20.6,67.0,0.1,Afobe,57,ST,BOU,177,20,1.2,0,100,0,0,0,False,0,0,0,0
51,45.0,101.0,109.8,239.0,0.5,King,71,ST,BOU,708,72,2.6,2,75,0,21,10,False,0,0,1,1
52,26.4,55.0,69.2,143.0,0.2,Defoe,77,ST,BOU,446,59,2.3,1,100,0,1,1,False,0,0,0,0
54,16.5,165.6,0.0,0.0,1.1,Ryan,45,GK,BHA,720,142,3.4,3,,0,29,17,True,0,0,0,0
55,37.0,194.4,29.0,146.0,0.6,Dunk,44,DF,BHA,720,125,2.1,1,,0,51,34,True,0,0,0,0
56,39.1,204.4,22.6,164.0,0.8,Duffy,45,DF,BHA,702,136,3.1,6,,0,26,22,True,1,0,0,0
58,14.5,88.0,51.6,4.0,0.7,Bruno,45,DF,BHA,556,96,2.6,1,100,0,41,30,True,0,0,0,1
59,2.0,15.8,2.2,2.0,0.1,Bong,44,DF,BHA,90,13,1.0,0,100,0,0,0,True,0,0,0,0
60,3.6,28.8,4.7,2.0,0.0,Rosenior,40,DF,BHA,163,22,1.0,0,,0,0,0,True,0,0,0,0
62,35.7,93.8,126.2,137.0,0.6,Knockaert,57,MD,BHA,471,85,2.5,8,100,0,31,29,True,0,0,2,4
63,27.4,143.8,51.6,78.0,0.7,Stephens,45,MD,BHA,720,123,2.6,2,,0,36,27,True,0,0,0,2
66,37.5,146.2,99.9,128.0,0.5,March,50,MD,BHA,669,100,3.3,3,,0,27,22,True,1,0,0,1
69,5.1,11.8,15.5,24.0,0.1,Murphy,48,MD,BHA,166,25,1.5,0,,0,0,0,True,0,0,0,0
70,56.2,195.8,295.4,71.0,0.6,Gro,57,MD,BHA,677,162,5.3,6,,1,35,29,True,0,1,1,1
72,23.7,110.4,24.3,104.0,0.6,Hemed,50,ST,BHA,435,81,4.3,0,0,0,0,0,True,0,0,0,0
74,5.3,53.4,0.0,0.0,0.0,Heaton,49,GK,BUR,305,48,2.0,0,0,0,0,0,True,0,0,0,0
76,23.2,158.8,51.0,20.0,1.0,Lowton,45,DF,BUR,720,136,3.8,2,,0,28,21,True,0,0,1,0
77,41.3,250.8,24.1,137.0,1.1,Mee,45,DF,BUR,720,137,3.4,2,100,0,46,38,True,0,0,0,0
78,34.3,202.4,108.7,32.0,1.6,Ward,46,DF,BUR,710,172,5.4,2,,0,45,37,True,0,0,1,0
79,31.2,263.0,15.5,31.0,1.0,Tarkowski,45,DF,BUR,720,142,3.3,2,100,0,45,35,True,0,0,0,0
82,14.1,56.0,24.8,60.0,0.3,Arfield,49,MD,BUR,406,48,2.8,1,,0,13,8,True,0,0,0,1
84,15.1,47.2,76.9,27.0,0.3,Gudmundsson,50,MD,BUR,415,50,2.0,4,,0,17,15,True,0,1,2,0
85,27.7,129.4,126.9,20.0,0.4,Defour,55,MD,BUR,681,116,2.5,1,,0,72,61,True,0,0,0,2
86,17.6,46.0,57.6,72.0,0.8,Hendrick,54,MD,BUR,385,51,3.4,1,100,0,26,20,True,0,0,0,1
87,50.6,133.4,274.6,97.0,0.5,Brady,55,MD,BUR,707,104,3.4,2,,0,43,33,True,0,0,1,2
90,31.4,188.2,61.3,64.0,0.5,Cork,45,MD,BUR,720,116,2.5,2,,0,70,59,True,0,0,0,2
91,22.6,75.2,32.7,119.0,0.1,Vokes,59,ST,BUR,347,64,3.3,1,100,0,11,3,True,0,0,0,0
92,20.1,42.8,45.2,118.0,0.6,Gray,63,ST,WAT,517,54,2.8,2,,0,15,13,True,0,0,0,1
94,14.6,144.6,0.0,0.0,0.7,Courtois,55,GK,CHE,720,149,4.0,2,,0,37,33,False,0,0,0,0
97,37.8,229.6,108.3,39.0,0.8,Azpilicueta,66,DF,CHE,720,206,5.0,-1,,0,76,64,False,0,0,0,0
98,7.7,73.4,4.1,0.0,0.2,Cahill,63,DF,CHE,314,60,1.6,1,100,0,60,54,False,0,0,0,0
99,21.4,181.0,8.2,25.0,0.1,Zouma,55,DF,STK,630,121,2.0,-1,100,0,16,13,False,0,0,0,2
100,51.7,219.2,128.8,169.0,0.1,Alonso,70,DF,CHE,688,151,4.1,1,,0,48,37,False,0,0,0,0
101,17.8,118.4,19.3,41.0,0.1,David Luiz,59,DF,CHE,536,118,3.7,1,100,0,45,39,False,0,0,0,0
102,20.8,65.8,63.0,78.0,0.4,Moses,65,DF,CHE,470,79,3.7,1,100,0,24,21,False,0,0,0,0
103,16.1,135.0,16.6,9.0,0.5,Rdiger,59,DF,CHE,540,120,3.7,0,,0,0,0,False,0,0,0,0
104,14.4,31.2,70.1,42.0,0.2,Hazard,106,MD,CHE,211,27,1.4,2,100,0,36,26,False,0,0,0,4
105,51.1,153.8,299.1,57.0,0.4,Fbregas,69,MD,CHE,539,127,3.3,5,100,0,85,66,False,0,1,0,0
106,38.5,89.8,178.0,118.0,0.3,Willian,69,MD,CHE,543,90,2.8,2,,0,27,20,False,0,0,0,1
107,23.6,136.2,67.9,32.0,0.6,Matic,50,MD,MUN,720,136,3.3,3,,0,57,49,False,1,0,0,2
108,19.8,58.8,71.7,67.0,0.2,Loftus-Cheek,45,MD,CRY,347,61,2.0,0,0,0,0,0,True,0,0,0,0
109,23.9,70.4,70.2,97.0,0.4,Pedro,79,MD,CHE,311,52,2.9,1,100,0,8,8,False,0,0,1,0
111,37.6,173.6,152.0,50.0,0.3,Kant,51,MD,CHE,630,153,3.4,0,0,0,0,0,False,0,0,0,0
112,19.6,77.4,26.0,93.0,0.0,Chalobah,45,MD,WAT,429,37,2.4,0,0,0,0,0,True,0,0,0,0
115,19.7,197.2,0.0,0.0,0.2,Hennessey,44,GK,CRY,630,124,2.7,0,75,0,0,0,True,0,0,0,0
116,2.2,22.2,0.0,0.0,0.3,Speroni,40,GK,CRY,90,17,3.0,3,,0,42,6,True,0,0,0,0
117,2.7,17.4,0.9,9.0,0.0,Tomkins,43,DF,CRY,142,16,1.3,0,100,0,0,0,True,0,0,0,0
118,30.3,137.2,34.7,131.0,0.1,Dann,47,DF,CRY,630,90,1.1,1,100,0,35,27,True,0,0,0,0
119,23.2,117.6,82.3,32.0,0.1,Ward,48,DF,CRY,630,88,0.9,2,,0,35,25,True,0,0,0,0
121,4.0,40.0,0.3,0.0,0.0,Delaney,43,DF,CRY,90,19,0.0,0,,0,0,0,True,0,0,0,0
123,17.7,70.4,58.4,48.0,0.1,Schlupp,47,DF,CRY,417,46,1.2,2,,0,23,16,True,0,0,0,0
124,22.9,88.6,91.2,48.0,0.1,van Aanholt,52,DF,CRY,488,64,0.8,2,,0,28,22,True,0,0,0,0
125,24.2,46.2,93.3,104.0,0.3,Puncheon,48,MD,CRY,549,36,1.3,1,,0,9,8,True,0,0,0,0
126,23.6,62.2,34.8,138.0,0.3,Zaha,67,MD,CRY,180,27,4.5,7,100,0,22,10,True,0,0,0,6
127,11.1,19.8,38.9,54.0,0.2,McArthur,44,MD,CRY,361,30,1.5,2,100,0,47,38,True,0,0,0,0
129,31.9,83.4,170.0,65.0,0.6,Cabaye,54,MD,CRY,443,91,2.3,7,100,0,60,54,True,0,1,0,0
130,6.3,14.2,25.9,23.0,0.2,Sako,49,MD,CRY,103,19,1.3,0,100,0,0,0,True,0,0,0,0
131,36.1,94.0,159.4,106.0,0.4,Townsend,57,MD,CRY,675,97,1.9,2,,1,35,27,True,0,0,1,2
132,17.8,87.6,75.5,15.0,0.4,Milivojevic,46,MD,CRY,469,73,1.4,1,,0,49,40,True,0,0,0,3
134,21.3,18.8,63.4,133.0,0.1,Benteke,76,ST,CRY,521,-11,1.5,0,0,0,0,0,True,0,0,0,0
135,18.1,171.4,10.0,0.0,0.5,Pickford,50,GK,EVE,720,138,2.8,2,100,0,29,16,False,0,0,0,0
138,26.9,108.2,155.1,4.0,0.3,Baines,58,DF,EVE,713,113,1.9,2,,0,41,35,False,0,0,0,1
140,12.1,111.6,3.0,6.0,0.1,Jagielka,49,DF,EVE,442,94,2.4,2,100,0,51,45,False,0,0,0,0
143,23.6,163.0,13.5,59.0,0.2,Williams,53,DF,EVE,555,98,1.9,0,,0,0,0,False,0,0,0,0
144,19.2,79.4,40.2,72.0,0.3,Holgate,43,DF,EVE,360,40,1.8,2,100,0,41,24,False,0,0,1,0
146,23.3,201.6,16.8,14.0,0.2,Keane,54,DF,EVE,630,134,2.3,2,100,0,61,51,False,0,0,0,0
151,25.6,128.0,59.0,68.0,0.4,Barry,45,MD,WBA,630,74,2.3,2,100,0,51,38,False,0,0,0,0
152,3.0,18.2,11.5,0.0,0.0,Besic,44,MD,EVE,46,10,1.0,0,,0,0,0,False,0,0,0,0
154,17.1,106.2,47.7,18.0,0.3,Schneiderlin,49,MD,EVE,599,91,1.6,2,100,0,44,40,False,0,0,0,0
155,20.7,108.6,62.4,36.0,0.5,Gueye,49,MD,EVE,672,114,2.0,3,100,0,55,44,False,1,0,0,0
156,10.2,39.6,24.7,39.0,0.5,Davies,53,MD,EVE,302,43,1.9,1,,0,1,1,False,0,0,0,0
158,4.8,10.8,19.0,19.0,0.0,Klaassen,71,MD,EVE,187,10,1.0,0,100,0,0,0,False,0,0,0,0
159,45.2,73.0,153.5,227.0,0.5,Calvert-Lewin,50,ST,EVE,537,51,2.6,5,,0,30,20,False,0,1,0,2
161,50.6,150.8,189.1,168.0,0.5,Rooney,73,ST,EVE,610,114,4.0,9,100,0,31,25,False,0,0,1,0
163,16.1,151.0,10.0,0.0,0.7,Lssl,46,GK,HUD,720,160,4.4,1,,0,49,34,False,0,0,0,0
164,32.2,253.0,42.5,26.0,0.7,Schindler,46,DF,HUD,720,191,4.0,0,100,0,64,62,False,0,0,0,0
165,12.6,98.2,22.2,7.0,0.5,Lwe,45,DF,HUD,580,135,4.1,1,,0,7,6,False,0,0,0,1
166,23.8,104.0,115.6,17.0,0.4,Smith,50,DF,HUD,686,115,2.9,0,,0,53,48,False,0,0,0,0
171,22.3,161.8,11.9,49.0,0.6,Zanka,46,DF,HUD,720,160,4.0,0,,0,73,63,False,0,0,0,1
172,51.6,209.6,222.9,83.0,0.4,Mooy,56,MD,HUD,645,152,3.6,1,100,0,53,45,False,0,0,0,0
173,19.1,32.6,60.4,99.0,0.2,van La Parra,49,MD,HUD,425,22,1.4,1,100,0,28,24,False,0,0,1,3
174,5.2,45.0,7.2,0.0,0.4,Hogg,44,MD,HUD,213,54,1.5,0,100,0,53,49,False,0,0,0,0
175,12.6,62.2,49.3,14.0,0.2,Billing,45,MD,HUD,420,52,1.7,1,,0,27,20,False,0,0,1,1
181,23.6,68.2,84.4,86.0,0.3,Kachunga,60,MD,HUD,663,67,2.8,2,,0,30,22,False,0,0,0,2
182,40.7,67.6,99.8,239.0,0.4,Ince,58,MD,HUD,720,69,2.5,2,,0,27,21,False,0,0,0,3
183,6.1,11.0,23.3,27.0,0.0,Palmer,53,MD,HUD,123,3,1.0,0,0,0,0,0,False,0,0,0,0
184,4.4,20.6,15.6,9.0,0.1,Williams,49,MD,HUD,182,27,1.3,1,100,0,23,22,False,0,0,0,0
186,4.2,22.4,14.0,6.0,0.0,Quaner,45,ST,HUD,57,21,1.8,0,0,0,0,0,False,0,0,0,0
187,21.3,72.2,66.2,74.0,0.4,Depoitre,52,ST,HUD,367,49,3.2,2,100,0,19,16,False,0,0,0,0
188,25.9,101.2,43.8,114.0,0.0,Mounie,58,ST,HUD,355,53,4.3,0,50,0,0,0,False,0,0,0,0
189,20.0,199.2,0.0,0.0,0.9,Schmeichel,50,GK,LEI,720,166,4.4,2,,0,20,14,True,0,0,0,0
191,20.3,167.0,22.5,14.0,0.7,Morgan,45,DF,LEI,720,111,2.1,2,100,0,25,19,True,0,0,0,1
192,22.3,120.6,90.0,11.0,0.8,Fuchs,49,DF,LEI,540,116,3.2,2,100,0,66,53,True,0,0,2,0
193,23.6,177.2,37.2,21.0,0.7,Simpson,45,DF,LEI,703,127,2.4,2,,0,41,32,True,0,0,1,0
196,8.5,62.0,21.0,2.0,0.2,Chilwell,43,DF,LEI,196,34,1.3,1,100,0,9,7,True,0,0,1,1
198,38.3,253.2,40.3,90.0,0.8,Maguire,51,DF,LEI,720,185,4.4,2,100,0,62,42,True,0,0,0,0
199,46.8,133.2,131.2,203.0,0.4,Mahrez,84,MD,LEI,615,106,4.1,8,,0,37,32,True,0,0,0,2
200,25.1,82.6,128.7,41.0,0.3,Albrighton,55,MD,LEI,588,79,2.1,1,,1,37,21,True,0,0,0,8
201,9.8,32.2,35.3,30.0,0.3,King,45,MD,LEI,301,46,2.0,1,,0,1,1,True,0,0,0,0
203,12.7,25.2,55.7,47.0,0.4,Gray,53,MD,LEI,222,41,1.7,0,,0,0,0,True,0,0,0,0
206,21.6,131.2,32.3,54.0,0.4,Ndidi,49,MD,LEI,720,80,2.0,2,100,0,90,70,True,0,0,0,1
208,5.3,28.4,14.6,10.0,0.2,Iborra,58,MD,LEI,135,24,1.5,2,100,0,66,53,True,0,0,0,0
209,59.7,200.4,78.5,318.0,0.3,Vardy,86,ST,LEI,696,162,5.0,2,100,0,9,5,True,0,0,0,0
211,28.8,116.2,56.8,116.0,0.5,Okazaki,56,ST,LEI,367,83,3.7,0,,0,0,0,True,0,0,0,0
212,11.2,24.8,26.2,63.0,0.3,Slimani,68,ST,LEI,107,21,1.5,4,100,0,8,6,True,0,1,0,0
213,15.1,150.8,0.0,0.0,1.0,Mignolet,49,GK,LIV,630,134,3.6,6,,0,22,19,True,1,0,0,0
215,17.0,110.2,12.7,47.0,0.6,Lovren,54,DF,LIV,451,90,2.7,7,100,0,76,68,True,1,0,0,0
216,31.3,123.0,130.8,59.0,1.0,Moreno,45,DF,LIV,540,143,3.5,7,100,0,57,47,True,1,0,0,0
218,26.0,122.8,119.6,18.0,0.8,Gomez,45,DF,LIV,451,132,4.7,9,100,1,30,26,True,1,0,0,0
219,26.2,165.4,45.0,52.0,0.5,Matip,55,DF,LIV,720,160,3.0,6,100,0,73,68,True,1,0,0,1
220,8.6,61.0,23.4,2.0,0.0,Klavan,44,DF,LIV,270,68,3.0,0,,0,0,0,True,0,0,0,0
221,7.4,58.4,11.4,4.0,0.5,Sakho,49,DF,CRY,270,55,2.3,7,100,1,42,34,True,0,1,0,0
222,22.8,58.4,110.6,59.0,0.0,Milner,62,DF,LIV,242,67,1.8,0,100,0,0,0,True,0,0,0,0
223,20.7,61.0,118.0,28.0,0.0,Alexander-Arnold,43,DF,LIV,270,38,0.3,0,100,0,0,0,True,0,0,0,0
225,37.5,156.0,171.5,45.0,0.9,Henderson,55,MD,LIV,630,119,3.3,3,100,0,103,92,True,1,0,0,0
226,53.8,160.8,208.3,169.0,1.0,Coutinho,90,MD,LIV,324,114,7.0,3,100,0,44,32,True,1,0,1,4
227,30.9,118.2,113.7,76.0,0.3,Can,50,MD,LIV,516,106,3.0,3,100,0,59,53,True,1,0,0,1
230,41.0,130.4,76.3,205.0,0.1,Man,93,MD,LIV,362,92,4.4,0,0,0,0,0,True,0,0,0,0
232,25.9,58.6,66.7,133.0,0.3,Wijnaldum,67,MD,LIV,577,72,2.3,3,,0,51,44,True,1,0,0,3
234,79.2,215.4,160.7,416.0,0.4,Salah,92,MD,LIV,589,130,5.8,3,100,0,20,18,True,1,0,1,7
235,68.3,171.8,223.2,289.0,0.2,Firmino,85,ST,LIV,557,137,4.4,2,,1,35,23,True,1,0,0,4
236,37.6,85.8,90.3,200.0,0.3,Sturridge,80,ST,LIV,276,66,2.7,1,100,0,2,1,True,0,0,0,0
239,6.5,10.4,18.5,38.0,0.1,Solanke,48,ST,LIV,73,8,1.0,1,,0,1,0,True,0,0,0,0
240,9.7,98.2,0.0,0.0,0.9,Ederson,55,GK,MCI,675,134,4.1,1,100,0,19,19,True,0,0,0,0
242,22.0,143.6,11.7,64.0,0.9,Stones,56,DF,MCI,584,163,4.5,1,,0,109,108,True,0,0,0,0
244,10.8,60.8,8.8,38.0,0.0,Kompany,59,DF,MCI,270,45,2.7,0,0,0,0,0,True,0,0,0,0
245,31.0,196.8,29.9,83.0,0.7,Otamendi,57,DF,MCI,700,197,5.0,1,,0,114,107,True,0,0,0,0
246,15.2,91.8,38.3,22.0,1.0,Delph,45,MD,MCI,200,76,4.7,5,75,0,87,78,True,0,1,1,1
247,73.9,254.0,160.8,325.0,1.3,Sterling,81,MD,MCI,477,163,7.1,15,100,2,55,42,True,0,2,0,0
248,86.3,246.4,405.9,210.0,0.8,David Silva,86,MD,MCI,692,201,6.4,7,100,0,81,76,True,0,0,0,0
249,2.8,10.4,15.8,2.0,0.0,Yaya Tour,62,MD,MCI,17,12,1.0,1,,0,65,61,True,0,0,0,0
250,42.9,192.8,112.0,124.0,0.8,Fernandinho,51,MD,MCI,702,145,3.4,7,,0,97,89,True,0,0,0,0
252,84.2,259.8,443.4,138.0,0.8,De Bruyne,100,MD,MCI,670,208,5.8,9,,2,52,46,True,0,2,0,2
253,4.7,11.0,26.0,10.0,0.1,Gndogan,54,MD,MCI,54,18,1.0,1,100,0,46,46,True,0,0,0,0
255,63.6,220.4,160.7,255.0,1.2,San,84,MD,MCI,406,149,5.9,10,,1,47,37,True,0,1,0,0
256,20.3,70.6,70.7,62.0,0.4,Bernardo Silva,75,MD,MCI,188,56,1.9,6,,0,23,20,True,0,0,0,0
257,80.0,289.4,187.1,323.0,0.3,Agero,115,ST,MCI,466,219,8.7,0,50,0,0,0,True,0,0,0,0
258,7.9,11.4,17.8,50.0,0.1,Iheanacho,67,ST,LEI,198,20,1.2,1,100,0,14,12,True,0,0,0,2
259,68.8,236.0,114.1,338.0,0.6,Jesus,107,ST,MCI,475,179,6.7,13,,0,32,28,True,0,0,0,2
260,14.8,146.4,0.0,0.0,1.4,de Gea,56,GK,MUN,720,192,6.4,9,,0,39,14,False,1,0,0,0
263,5.7,34.4,0.3,22.0,0.8,Smalling,53,DF,MUN,195,51,4.0,5,,0,23,23,False,1,0,0,0
264,19.5,181.0,4.5,9.0,1.4,Jones,53,DF,MUN,720,230,6.0,7,75,0,44,38,False,1,0,0,0
267,32.0,154.0,88.4,76.0,0.9,Valencia,66,DF,MUN,720,208,6.6,6,100,0,30,21,False,1,0,0,2
268,4.2,35.4,4.6,2.0,0.4,Darmian,51,DF,MUN,180,39,3.5,6,100,0,22,17,False,1,0,0,0
269,16.9,129.0,17.8,21.0,0.1,Fosu-Mensah,45,DF,CRY,532,95,1.3,1,100,0,3,3,True,0,0,0,0
270,14.8,52.6,80.5,15.0,0.1,Blind,54,DF,MUN,271,84,4.8,0,,0,0,0,False,0,0,0,0
271,23.2,138.2,16.6,77.0,0.3,Bailly,62,DF,MUN,540,157,6.3,0,,0,0,0,False,0,0,0,0
274,37.6,87.2,199.3,88.0,0.6,Mata,70,MD,MUN,446,114,3.7,0,100,0,0,0,False,0,0,0,0
275,34.3,162.8,37.9,142.0,1.3,Fellaini,49,MD,MUN,315,103,5.0,0,0,0,0,0,False,0,0,0,0
277,16.3,64.2,56.3,43.0,0.7,Young,49,MD,MUN,360,46,3.3,2,100,0,20,15,False,1,0,0,0
278,10.4,56.6,37.4,10.0,0.3,Herrera,52,MD,MUN,220,38,1.3,3,100,0,54,42,False,1,0,0,1
279,14.0,43.4,29.4,67.0,0.1,Lingard,58,MD,MUN,102,36,2.0,1,100,0,7,6,False,0,0,0,0
280,43.7,174.0,115.8,147.0,0.3,Martial,80,MD,MUN,202,118,4.7,3,100,0,16,12,False,1,0,0,2
281,64.3,197.4,329.1,115.0,0.4,Mkhitaryan,84,MD,MUN,615,176,5.8,3,,0,29,23,False,1,0,0,1
282,48.1,149.4,144.8,186.0,0.0,Pogba,80,MD,MUN,360,100,7.8,0,0,0,0,0,False,0,0,0,0
284,57.2,164.6,138.0,268.0,0.5,Rashford,76,ST,MUN,493,122,4.3,1,,0,2,0,False,0,0,0,0
285,94.7,303.2,166.9,476.0,0.4,Lukaku,118,ST,MUN,720,193,6.5,2,100,0,11,7,False,1,0,0,1
286,13.3,133.8,0.0,0.0,0.4,Elliot,41,GK,NEW,720,130,3.4,1,,0,29,14,False,0,0,0,0
288,8.2,57.2,22.1,3.0,0.3,Yedlin,44,DF,NEW,360,43,1.5,0,100,0,34,28,False,0,0,1,3
289,23.6,146.4,22.8,66.0,0.3,Clark,45,DF,NEW,630,126,4.1,0,,0,0,0,False,0,0,0,0
290,33.2,226.8,24.1,79.0,0.3,Lascelles,47,DF,NEW,713,143,4.4,1,100,0,26,20,False,0,0,0,0
293,8.4,32.2,47.6,4.0,0.1,Gmez,40,DF,NEW,97,38,4.5,0,,0,0,0,False,0,0,0,0
294,6.0,18.6,0.9,41.0,0.1,Lejeune,44,DF,NEW,123,14,1.0,1,100,0,32,28,False,0,0,0,0
295,56.6,178.2,245.2,143.0,0.3,Ritchie,60,MD,NEW,717,147,3.8,2,75,0,27,17,False,0,0,0,0
296,12.8,32.2,46.1,53.0,0.6,Shelvey,53,MD,NEW,270,36,1.6,2,75,0,53,39,False,0,0,1,1
298,5.2,19.0,12.0,20.0,0.1,Diam,48,MD,NEW,48,22,1.0,0,,0,0,0,False,0,0,0,0
300,39.3,102.6,105.0,185.0,0.6,Atsu,51,MD,NEW,652,79,3.6,5,75,0,22,18,False,0,1,0,1
302,41.1,109.6,135.4,166.0,0.7,Prez,54,ST,NEW,676,60,3.0,8,,0,14,10,False,0,0,0,1
303,10.6,39.0,21.8,45.0,0.0,Mitrovic,48,ST,NEW,18,25,5.0,0,100,0,0,0,False,0,0,0,0
306,19.8,197.4,0.0,0.0,0.9,Forster,50,GK,SOU,720,159,5.1,1,,0,20,8,True,0,0,0,0
307,32.2,101.0,140.3,80.0,0.2,Bertrand,55,DF,SOU,715,141,3.3,1,,0,69,65,True,0,0,0,0
308,29.2,185.6,25.9,80.0,0.7,Yoshida,50,DF,SOU,630,159,5.1,1,,0,100,87,True,0,0,0,0
310,33.0,121.4,106.5,101.0,0.3,Cdric,50,DF,SOU,712,123,3.0,1,,0,53,42,True,0,0,1,1
311,12.7,85.4,6.2,36.0,0.1,van Dijk,54,DF,SOU,183,33,1.0,1,100,0,93,86,True,0,0,0,0
313,15.1,95.6,13.5,42.0,0.0,Stephens,47,DF,SOU,360,85,3.8,0,,0,0,0,True,0,0,0,0
316,38.0,150.6,168.9,60.0,0.3,Davis,51,MD,SOU,594,146,3.6,1,,0,20,17,True,0,0,0,0
317,15.6,23.2,81.8,53.0,0.1,Ward-Prowse,52,MD,SOU,171,26,1.3,0,,0,0,0,True,0,0,0,0
318,55.3,121.0,244.3,186.0,0.3,Tadic,65,MD,SOU,654,98,2.6,2,,0,33,29,True,0,0,0,1
320,35.2,128.8,134.7,89.0,0.4,Oriol Romeu,45,MD,SOU,696,116,2.0,2,,0,52,42,True,0,0,0,0
322,11.0,31.8,61.8,17.0,0.1,Boufal,57,MD,SOU,151,28,1.3,1,,0,22,16,True,0,0,0,3
324,59.2,109.0,279.3,203.0,0.5,Redmond,63,MD,SOU,656,92,3.1,6,,2,32,27,True,0,1,1,0
325,28.3,40.4,111.0,134.0,0.6,Long,58,ST,SOU,400,34,2.1,5,75,0,18,11,True,0,1,0,0
326,10.3,38.0,15.4,51.0,0.2,Austin,62,ST,SOU,69,40,2.0,1,100,0,1,1,True,0,0,0,0
327,23.6,103.4,47.2,99.0,0.7,Gabbiadini,66,ST,SOU,416,95,3.5,12,,0,12,10,True,0,0,0,1
328,19.1,180.6,10.0,0.0,0.1,Butland,50,GK,STK,720,136,2.8,0,,0,35,7,False,0,0,0,0
330,10.4,79.8,10.6,14.0,0.0,Shawcross,49,DF,STK,270,45,3.3,0,0,0,0,0,False,0,0,0,0
331,14.2,84.6,25.2,32.0,0.1,Cameron,44,DF,STK,473,79,2.0,-1,100,0,21,14,False,0,0,0,3
332,20.6,116.2,85.1,4.0,0.1,Pieters,49,DF,STK,718,103,1.5,-1,100,0,23,14,False,0,0,0,0
335,1.3,11.8,1.2,0.0,0.1,Johnson,43,DF,STK,91,20,0.5,0,,0,0,0,False,0,0,0,0
337,26.5,101.8,94.1,69.0,0.2,Allen,53,MD,STK,623,84,2.3,0,0,0,0,0,False,0,0,0,0
342,57.6,165.0,296.4,113.0,0.5,Shaqiri,60,MD,STK,650,116,3.4,2,100,0,17,15,False,0,0,0,0
345,6.5,25.0,30.0,10.0,0.2,Sobhi,48,MD,STK,195,35,1.8,1,,0,12,6,False,0,0,0,1
346,21.4,86.2,89.4,38.0,0.4,Fletcher,50,MD,STK,720,86,2.1,2,100,0,25,18,False,0,0,0,0
347,19.6,73.2,34.4,88.0,0.4,Crouch,49,ST,STK,101,60,3.0,0,,0,0,0,False,0,0,0,0
348,37.4,142.2,61.1,171.0,1.2,Diouf,54,ST,STK,630,119,4.4,9,100,0,10,6,False,0,1,0,0
349,10.9,27.6,29.7,52.0,0.0,Berahino,58,ST,STK,220,16,2.0,0,,0,0,0,False,0,0,0,0
350,20.3,203.0,0.0,0.0,0.7,Fabianski,46,GK,SWA,720,180,4.9,6,,0,21,12,True,1,0,0,0
352,26.0,175.0,69.4,14.0,0.7,Naughton,46,DF,SWA,717,169,4.4,6,,0,41,31,True,1,0,1,1
354,22.5,211.4,2.9,10.0,0.7,Fernndez,45,DF,SWA,720,174,4.4,7,,0,44,36,True,1,0,0,0
356,6.6,42.8,1.0,21.0,0.1,van der Hoorn,45,DF,SWA,198,57,4.3,0,,0,0,0,True,0,0,0,0
357,16.9,132.2,2.0,34.0,0.6,Mawson,50,DF,SWA,720,154,3.6,6,,0,49,42,True,1,0,0,0
358,15.3,83.8,57.2,12.0,0.9,Olsson,50,DF,SWA,716,144,4.1,6,,0,40,31,True,1,0,0,0
359,43.0,72.6,200.9,156.0,0.2,Sigurdsson,82,MD,EVE,569,69,1.9,2,,0,23,18,False,0,0,0,0
360,3.4,13.4,17.4,4.0,0.0,Routledge,53,MD,SWA,133,8,1.3,0,,0,0,0,True,0,0,0,0
361,1.4,10.4,4.3,0.0,0.4,Britton,45,MD,SWA,224,21,2.7,3,100,0,29,25,True,1,0,0,0
365,23.0,96.8,88.3,44.0,0.3,Fer,54,MD,SWA,599,83,2.0,2,,0,30,25,True,1,0,0,0
367,37.1,119.0,199.6,52.0,0.9,Carroll,45,MD,SWA,715,119,3.0,8,,1,39,30,True,1,1,0,0
370,4.3,17.0,19.2,7.0,0.2,Mesa,44,MD,SWA,132,23,1.3,0,,0,0,0,True,0,0,0,0
373,29.0,108.2,73.4,107.0,0.6,Ayew,50,ST,SWA,720,85,2.9,5,100,1,17,14,True,1,1,1,1
374,44.8,170.4,40.9,238.0,1.4,Abraham,57,ST,SWA,625,130,4.9,13,100,0,14,9,True,1,0,0,0
375,11.0,110.4,0.0,0.0,0.8,Lloris,55,GK,TOT,720,155,4.4,6,,0,22,19,True,1,0,0,0
377,24.9,163.8,52.4,32.0,0.8,Alderweireld,60,DF,TOT,720,174,4.3,7,,0,92,84,True,1,0,0,1
379,23.3,118.2,94.3,22.0,0.7,Walker,66,DF,MCI,583,164,5.3,2,100,1,67,59,True,0,1,0,0
380,30.7,168.4,79.0,59.0,0.7,Vertonghen,60,DF,TOT,720,176,4.1,5,,0,79,68,True,1,0,2,0
381,55.8,211.4,235.4,110.0,1.0,Davies,59,DF,TOT,529,177,8.2,0,,0,0,0,True,0,0,0,0
382,33.9,145.4,180.6,12.0,1.4,Trippier,55,DF,TOT,543,183,6.0,8,100,0,86,76,True,1,0,0,0
383,6.0,57.8,1.7,0.0,0.2,Wimmer,44,DF,STK,315,32,0.8,0,100,0,11,6,False,0,0,0,0
384,27.3,117.2,85.0,69.0,0.5,Dier,49,MD,TOT,697,104,2.4,3,,0,74,68,True,1,0,1,0
385,13.1,46.8,49.7,35.0,0.0,Dembl,49,MD,TOT,288,58,2.0,0,0,0,0,0,True,0,0,0,0
387,88.2,240.8,340.3,300.0,0.8,Eriksen,97,MD,TOT,663,205,7.0,11,100,0,56,49,True,1,0,1,1
388,64.9,147.4,221.7,279.0,0.5,Alli,94,MD,TOT,711,104,4.8,3,,0,35,22,True,1,0,0,1
389,6.2,23.4,25.2,14.0,0.0,Wanyama,48,MD,TOT,98,14,1.5,0,0,0,0,0,True,0,0,0,0
390,25.8,36.4,92.6,130.0,0.2,Son,79,MD,TOT,278,43,1.9,3,100,0,27,25,True,1,0,0,2
391,10.5,43.4,51.4,10.0,0.5,Winks,48,MD,TOT,212,47,1.7,3,100,1,73,69,True,1,0,0,0
393,30.4,79.2,132.1,93.0,0.6,Sissoko,54,MD,TOT,333,71,2.3,1,100,1,15,11,True,0,0,0,1
394,98.7,240.8,107.7,637.0,0.7,Kane,128,ST,TOT,702,154,5.9,2,,0,15,12,True,1,0,0,0
397,14.4,144.6,0.1,0.0,0.4,Gomes,45,GK,WAT,720,153,3.4,3,,0,25,8,True,0,0,0,0
398,5.0,47.4,0.9,2.0,0.0,Kaboul,44,DF,WAT,151,35,3.5,0,0,0,0,0,True,0,0,0,0
400,5.3,42.0,10.5,0.0,0.0,Prdl,44,DF,WAT,180,48,6.0,0,50,0,0,0,True,0,0,0,0
401,34.7,172.2,151.9,22.0,0.7,Holebas,50,DF,WAT,630,135,3.6,2,100,0,36,21,True,0,0,1,1
402,12.7,82.0,2.7,42.0,0.2,Britos,45,DF,WAT,293,54,3.0,2,100,0,49,41,True,0,0,0,0
403,16.7,146.8,12.2,8.0,0.3,Kabasele,45,DF,WAT,548,100,2.3,1,100,0,35,28,True,0,0,0,1
404,9.4,70.6,15.3,7.0,0.0,Janmaat,49,DF,WAT,135,34,2.3,0,100,0,0,0,True,0,0,0,0
405,9.4,78.2,12.5,4.0,0.4,Mariappa,40,DF,WAT,361,51,1.0,2,100,0,43,38,True,0,0,0,0
407,20.7,122.2,71.6,12.0,0.4,Kiko Femena,45,DF,WAT,583,149,4.7,2,100,0,46,39,True,0,0,1,0
408,30.7,124.2,115.7,67.0,0.9,Cleverley,50,MD,WAT,693,127,3.8,10,100,0,60,47,True,0,0,0,0
409,15.5,54.4,33.6,67.0,0.4,Capoue,52,MD,WAT,145,50,2.6,4,,0,7,6,True,0,1,0,0
412,8.0,22.8,46.5,10.0,0.0,Amrabat,50,MD,WAT,198,11,2.0,0,0,0,0,0,True,0,0,0,0
414,45.2,214.0,149.2,87.0,0.8,Doucour,53,MD,WAT,720,168,5.0,2,,0,54,48,True,0,0,1,0
415,7.2,10.6,23.1,39.0,0.2,Pereyra,58,MD,WAT,198,22,1.2,2,100,0,43,38,True,0,0,1,1
417,18.8,75.0,48.5,64.0,0.6,Deeney,63,ST,WAT,150,58,2.5,6,100,0,12,7,True,0,0,0,0
418,8.4,35.2,15.6,33.0,0.0,Okaka,54,ST,WAT,62,26,7.0,0,,0,0,0,True,0,0,0,0
420,1.2,12.2,0.0,0.0,0.1,Myhill,40,GK,WBA,90,7,1.0,1,,0,19,10,False,0,0,0,0
421,9.9,88.6,10.0,0.0,0.2,Foster,45,GK,WBA,630,117,3.6,0,,0,0,0,False,0,0,0,0
422,16.3,98.8,53.6,10.0,0.0,Nyom,50,DF,WBA,438,108,4.2,0,,0,0,0,False,0,0,0,0
423,14.6,109.2,3.4,33.0,0.6,Evans,49,DF,WBA,450,86,3.0,2,100,0,38,32,False,0,0,0,2
424,23.6,147.0,45.7,42.0,0.2,Dawson,50,DF,WBA,720,133,3.1,2,100,0,38,23,False,0,0,1,0
426,12.7,51.6,61.9,13.0,0.3,Livermore,50,MD,WBA,520,65,2.0,2,100,0,35,25,False,0,0,0,0
427,5.7,33.4,11.9,12.0,0.6,Chadli,57,MD,WBA,83,25,10.0,10,75,0,25,19,False,0,0,0,0
428,14.5,56.0,40.4,47.0,0.1,Morrison,55,MD,WBA,205,35,3.3,0,75,0,0,0,False,0,0,0,0
429,3.3,13.2,1.5,18.0,0.0,Yacob,44,MD,WBA,110,6,1.5,0,100,0,0,0,False,0,0,0,0
430,18.5,35.6,60.9,89.0,0.1,McClean,49,MD,WBA,220,23,1.3,1,100,0,2,2,False,0,0,0,2
432,27.3,69.2,124.7,81.0,0.3,Phillips,59,MD,WBA,472,65,3.1,0,100,0,0,0,False,0,0,0,0
433,1.6,11.8,1.6,2.0,0.0,Field,45,MD,WBA,154,12,3.0,0,,0,0,0,False,0,0,0,0
434,21.8,83.0,130.4,5.0,0.1,Brunt,54,MD,WBA,402,90,3.8,0,100,0,0,0,False,0,0,0,0
435,11.1,38.6,11.8,70.0,0.5,Rondn,61,ST,WBA,340,33,1.9,2,,0,25,19,False,0,0,0,1
436,11.2,44.8,24.4,48.0,0.2,Robson-Kanu,49,ST,WBA,136,29,1.4,0,75,0,0,0,False,0,0,0,0
437,33.7,76.6,67.3,193.0,0.4,Rodriguez,57,ST,WBA,707,42,2.3,2,,0,26,17,False,0,0,0,0
440,28.6,154.0,54.0,78.0,1.0,Fonte,49,DF,WHU,523,126,5.2,2,,0,21,15,False,0,0,0,0
441,8.7,64.2,12.1,10.0,0.0,Collins,43,DF,WHU,237,44,2.7,0,0,0,0,0,False,0,0,0,0
442,13.7,128.2,2.0,6.0,0.5,Reid,49,DF,WHU,540,116,3.7,1,100,0,29,23,False,0,0,0,0
443,31.8,98.8,185.9,32.0,0.6,Cresswell,50,DF,WHU,639,123,3.3,2,100,0,25,16,False,0,0,0,0
444,8.0,66.6,12.4,0.0,0.1,Ogbonna,44,DF,WHU,360,57,0.5,0,,0,0,0,False,0,0,0,0
446,11.4,65.2,48.9,0.0,0.7,Masuaku,44,DF,WHU,110,45,2.5,1,,0,0,0,False,0,0,0,0
447,25.0,165.2,82.0,2.0,0.8,Zabaleta,49,DF,WHU,720,136,2.9,2,,0,20,13,False,0,0,0,0
449,18.8,76.4,36.8,75.0,0.1,Ayew,70,MD,WHU,367,78,3.0,0,100,0,0,0,False,0,0,0,0
450,18.1,74.6,89.2,16.0,0.3,Noble,55,MD,WHU,371,76,2.2,0,100,0,0,0,False,0,0,0,0
451,13.3,81.0,27.9,25.0,0.8,Kouyat,50,MD,WHU,469,82,3.2,2,100,0,25,19,False,0,0,0,1
452,16.8,115.8,26.4,25.0,0.0,Obiang,45,MD,WHU,329,90,3.4,0,75,0,23,15,False,0,0,0,2
453,6.1,20.0,26.3,14.0,0.1,Lanzini,68,MD,WHU,160,24,1.3,2,100,0,33,29,False,0,0,0,0
454,38.4,99.6,117.8,166.0,0.5,Antonio,75,MD,WHU,544,63,3.4,8,100,0,21,14,False,0,0,1,3
458,11.9,40.8,17.5,62.0,0.4,Sakho,55,ST,WHU,115,39,1.9,1,100,0,5,3,False,0,0,0,0
461,12.8,91.8,29.3,8.0,0.6,Suttner,44,DF,BHA,630,104,2.9,2,,0,27,21,True,0,0,1,0
462,3.8,28.4,3.4,6.0,0.2,Malone,43,DF,HUD,137,30,0.7,1,100,0,33,24,False,0,0,0,0
463,26.8,155.2,62.1,51.0,1.1,Bakayoko,51,MD,CHE,492,108,3.3,9,100,0,64,53,False,0,0,0,6
464,20.1,84.8,106.2,8.0,0.3,Martina,43,DF,EVE,390,61,1.0,0,,0,0,0,False,0,0,0,0
468,29.5,196.6,12.8,85.0,0.2,Hegazi,48,DF,WBA,686,141,4.3,1,,0,34,25,False,0,0,0,0
469,15.6,147.0,10.0,0.0,1.4,Pope,45,GK,BUR,414,113,5.0,4,,0,20,10,True,0,0,0,0
470,11.8,96.4,13.1,8.0,0.5,Christensen,55,DF,CHE,345,77,2.2,0,,0,0,0,False,0,0,0,0
472,69.1,256.2,87.3,348.0,0.6,Morata,102,ST,CHE,488,161,7.0,0,0,0,0,0,False,0,0,0,0
474,7.3,37.4,16.4,18.0,0.0,James,45,MD,LEI,338,35,2.0,0,0,0,0,0,True,0,0,0,0
475,11.8,28.4,65.1,24.0,0.0,Robertson,48,DF,LIV,180,47,5.5,0,,0,0,0,True,0,0,0,0
477,18.7,83.4,93.0,10.0,0.2,Manquillo,44,DF,NEW,540,91,3.2,1,,0,38,24,False,0,0,0,2
479,15.0,140.6,10.0,0.0,1.2,Hart,44,GK,WHU,720,162,3.9,9,,1,46,17,False,0,1,0,0
481,3.7,10.2,7.1,19.0,0.2,Brown,53,MD,BHA,103,14,1.3,1,100,0,4,3,True,0,0,0,0
482,3.5,25.2,5.1,6.0,0.1,Riedewald,48,DF,CRY,124,27,1.0,1,100,0,2,1,True,0,0,0,0
483,18.5,65.2,46.0,73.0,0.4,Danilo,53,DF,MCI,334,102,4.0,0,,0,0,0,True,0,0,0,0
484,19.7,68.4,100.9,27.0,0.0,Mendy,64,DF,MCI,298,84,4.3,0,0,0,0,0,True,0,0,0,0
485,3.9,32.6,0.3,6.0,0.0,Bartley,44,DF,SWA,75,18,1.5,0,0,0,0,0,True,0,0,0,0
487,48.2,140.2,149.5,195.0,0.4,Chicharito,70,ST,WHU,649,100,3.6,2,,0,20,17,False,1,0,0,0
488,47.8,105.2,101.1,275.0,0.7,Joselu,55,ST,NEW,479,63,3.3,2,,0,15,12,False,0,0,0,1
490,21.6,105.4,43.5,66.0,0.4,Prpper,54,MD,BHA,720,101,2.1,1,100,0,38,28,True,0,0,0,1
494,14.6,98.8,43.1,4.0,0.2,Mbemba,40,DF,NEW,408,81,3.0,0,100,0,0,0,False,0,0,0,0
495,26.8,144.4,83.6,40.0,0.3,Merino,50,MD,NEW,564,113,1.8,1,,0,22,18,False,0,0,0,1
496,24.8,119.2,82.5,47.0,0.7,Hayden,45,MD,NEW,555,69,2.3,6,,0,28,25,False,0,0,0,0
497,60.8,133.0,93.5,382.0,0.5,Choupo-Moting,56,MD,STK,648,76,4.0,2,100,0,19,18,False,0,0,0,0
498,4.4,18.6,21.0,4.0,0.1,Walker-Peters,42,DF,TOT,98,33,3.5,0,,0,0,0,True,0,0,0,0
500,22.9,109.0,74.8,44.0,0.4,Lemina,50,MD,SOU,482,109,2.3,2,100,0,57,53,True,0,0,0,6
501,65.1,189.0,139.9,323.0,1.2,Richarlison,62,MD,WAT,660,129,5.6,5,,0,27,20,True,0,1,1,1
510,2.8,25.4,2.4,0.0,0.0,Rice,44,DF,WHU,150,25,0.8,0,,0,0,0,False,0,0,0,0
512,23.9,82.0,70.2,87.0,0.3,Jes,58,MD,STK,371,61,3.7,4,100,0,7,6,False,0,1,0,0
513,12.3,66.6,47.0,9.0,0.0,Martins Indi,49,DF,STK,346,61,0.7,-1,25,0,13,11,False,0,0,0,0
518,35.2,130.8,55.7,165.0,0.6,Wood,66,ST,BUR,479,82,4.7,7,,0,18,16,True,0,0,0,0
519,8.2,53.0,28.8,1.0,0.2,Clucas,50,MD,SWA,324,50,1.8,1,,0,3,2,True,0,0,0,0
520,13.0,121.8,5.2,4.0,0.7,Snchez,60,DF,TOT,451,130,4.3,6,100,0,107,104,True,1,0,0,1
522,10.0,24.6,27.2,49.0,0.1,Sabiri,50,MD,HUD,158,24,2.7,0,,0,0,0,False,0,0,0,0
524,5.6,23.2,27.8,5.0,0.0,Burke,54,MD,WBA,35,16,2.5,0,100,0,0,0,False,0,0,0,0
525,9.2,58.8,13.3,20.0,0.1,Hoedt,50,DF,SOU,270,60,3.3,0,,0,0,0,True,0,0,0,0
527,13.5,34.8,28.4,72.0,0.5,Carrillo,55,MD,WAT,397,53,2.3,1,,0,14,12,True,0,0,0,1
532,3.4,16.0,9.6,8.0,-0.1,Aurier,59,DF,TOT,96,2,-0.5,0,100,0,0,0,True,0,0,0,0
533,13.2,93.2,32.3,6.0,0.9,Krychowiak,50,MD,WBA,450,94,3.8,7,,0,53,39,False,0,1,0,3
535,7.5,26.4,42.8,6.0,0.1,Sanches,49,MD,SWA,220,27,1.5,0,25,0,0,0,True,0,0,0,0
539,11.2,27.4,65.1,20.0,0.2,Vlasic,55,MD,EVE,168,26,1.7,2,,0,29,22,False,0,0,1,5
542,7.1,11.8,15.1,52.0,0.3,Bony,59,ST,SWA,168,15,1.8,0,75,0,0,0,True,0,0,0,0
543,4.3,15.2,4.7,25.0,0.1,Zappacosta,59,DF,CHE,66,5,1.0,1,,0,24,20,False,0,0,0,1
548,18.7,66.0,13.0,111.0,0.9,Niasse,50,ST,EVE,137,40,4.7,1,,0,4,2,False,0,0,0,0
